{"isWkeyEnabled":true,"pipeSpawnPeriod":3.8950860500335695,"vitalityPeriod":40.69941329956055}